{
    "@class": "com.kony.gen.viz.model.component.KVizButton",
    "DNDConfig": null,
    "__parentReadjusting__": false,
    "_bottom_": {
        "type": "string",
        "value": "100dp"
    },
    "_height_": {
        "type": "string",
        "value": "50dp"
    },
    "_left_": {
        "type": "string",
        "value": "0dp"
    },
    "_margin_": [
        6,
        6,
        6,
        6
    ],
    "_padding_": [
        0,
        0,
        0,
        0
    ],
    "_right_": {
        "type": "number",
        "value": "0"
    },
    "_skin_": "s39f8c85d7b64731858550f021c011a0",
    "_text_": "Button",
    "_width_": {
        "type": "ref",
        "value": "preferred"
    },
    "canUpdateUI": true,
    "containerweight": 100,
    "contentalignment": 5,
    "displaytext": true,
    "focusskin": "s80e8cf842164424b1702708f2c8091f",
    "id": "Button0c395fb8356554e",
    "info": null,
    "iscustomlayout": false,
    "isvisible": true,
    "kuid": "cb0d62833f394c1ca777d73ca7961380",
    "name": "kony.ui.Button",
    "onclick": "AS_Button_i97c3300860e4f48a2b17daef2e9061e",
    "parent": "Form1",
    "pf": "Form1",
    "retaincontentalignment": false,
    "retainflexpositionproperties": false,
    "wType": "Button",
    "zindex": 1
}