{
    "APPLICATION_THEME": "default",
    "appaddrkey": "",
    "appidkey": "FirstProject",
    "appnamekey": "FirstProject",
    "apppackagekey": "",
    "appversionkey": "1.0.0",
    "build": "debug",
    "category": "app",
    "createdVizVersion": "8.3.10",
    "createdgaversion": "8.3.10",
    "currentgaversion": "8.3.10",
    "enableCustomData": false,
    "enableProgressiveWeb": false,
    "enableResponsive": true,
    "enableasyncdesktopweb": true,
    "enableasyncspa": true,
    "isDeveloperMode": "false",
    "isDpScaleFactor": true,
    "isMVC": true,
    "isNewAppWithRespectToAndroidPackageName": "",
    "konyVizVersion": "8.3.10",
    "mastersProperties": {
        "mastersVersion": "2.0.0"
    },
    "mwaddrkey": "",
    "mwhttpsportkey": "",
    "mwportkey": "",
    "project.type": "js",
    "project_version": "sprint32",
    "referenceWidth": "375",
    "startupformkey": "c02bc6c08ddd49e583571cd94dad8a78",
    "vendornamekey": "KonyLabs",
    "winmobileguidkey": "",
    "defaulttheme": "defaultTheme",
    "cloud_account_guid": "d29896dc-8d70-41d9-b187-5367f2b1353b",
    "nativeContainerProperties": {
        "isModified": true,
        "isEnableJSContainer": false,
        "isEnableJSContainerAndroid": false,
        "isEnableJSContaineriOS": false
    },
    "appmenu": {
        "context": {
            "channel": "mobile",
            "platform": "iphone"
        },
        "desktop": {
            "data": [
                {
                    "id": "appmenuitemid1",
                    "title": "Item 1",
                    "icon": {
                        "default": "option1.png"
                    },
                    "kuid": "e9fc127a18a64a4398b131d8147740d6"
                },
                {
                    "id": "appmenuitemid2",
                    "title": "Item 2",
                    "icon": {
                        "default": "option2.png"
                    },
                    "kuid": "g6b027882abc4471a99aec8ab851e765"
                },
                {
                    "id": "appmenuitemid3",
                    "title": "Item 3",
                    "icon": {
                        "default": "option3.png"
                    },
                    "kuid": "ea21a65a75e248788f99288999f118af"
                },
                {
                    "id": "appmenuitemid4",
                    "title": "Item 4",
                    "icon": {
                        "default": "option4.png"
                    },
                    "kuid": "eab9b03d73464f7fbde26d4b50e32313"
                }
            ]
        },
        "focusSkin": null,
        "focusskin": null,
        "mobile": {
            "data": [
                {
                    "id": "appmenuitemid1",
                    "title": "Item 1",
                    "icon": {
                        "default": "option1.png"
                    },
                    "kuid": "g66d9f358d94474ba12b9ccadca46b24"
                },
                {
                    "id": "appmenuitemid2",
                    "title": "Item 2",
                    "icon": {
                        "default": "option2.png"
                    },
                    "kuid": "a753ecfc3887414f8dd2d102fde9692f"
                },
                {
                    "id": "appmenuitemid3",
                    "title": "Item 3",
                    "icon": {
                        "default": "option3.png"
                    },
                    "kuid": "d271b0d00a124f458f71102e78a42dec"
                },
                {
                    "id": "appmenuitemid4",
                    "title": "Item 4",
                    "icon": {
                        "default": "option4.png"
                    },
                    "kuid": "ddfe4e50f6bc48d09f5a1e15b8b5c513"
                }
            ]
        },
        "osPlatform": "",
        "osVersion": "iOS7",
        "skin": null,
        "tablet": {
            "data": [
                {
                    "id": "appmenuitemid1",
                    "title": "Item 1",
                    "icon": {
                        "default": "option1.png"
                    },
                    "kuid": "df7d6a71b24943429d477703ad07f1b7",
                    "windows8": {
                        "position": "BOTTOM_LEFT",
                        "appBarButtonStyle": "No Style"
                    }
                },
                {
                    "id": "appmenuitemid2",
                    "title": "Item 2",
                    "icon": {
                        "default": "option2.png"
                    },
                    "kuid": "ha590438d2774f87a27d1a52b2817a24",
                    "windows8": {
                        "position": "BOTTOM_LEFT",
                        "appBarButtonStyle": "No Style"
                    }
                },
                {
                    "id": "appmenuitemid3",
                    "title": "Item 3",
                    "icon": {
                        "default": "option3.png"
                    },
                    "kuid": "ibdf3aefa58646238cfc1ef99ff05759",
                    "windows8": {
                        "position": "BOTTOM_LEFT",
                        "appBarButtonStyle": "No Style"
                    }
                },
                {
                    "id": "appmenuitemid4",
                    "title": "Item 4",
                    "icon": {
                        "default": "option4.png"
                    },
                    "kuid": "b31e9cba11ae4f32853fb703695a6fac",
                    "windows8": {
                        "position": "BOTTOM_LEFT",
                        "appBarButtonStyle": "No Style"
                    }
                }
            ]
        },
        "wType": "Appmenu"
    },
    "export.type": "visualizer"
}