{
    "AS_Button_i97c3300860e4f48a2b17daef2e9061e": {
        "id": "AS_Button_i97c3300860e4f48a2b17daef2e9061e",
        "type": "ACTION_SEQUENCE",
        "params": [{
            "datatype": "collection",
            "name": "eventobject"
        }],
        "contextObj": {
            "name": "Form1",
            "type": "forms",
            "platform": null,
            "KUID": "c02bc6c08ddd49e583571cd94dad8a78"
        },
        "language": "js",
        "actions": [{
            "id": "NAVIGATE_TO_FORM___ce074b3aa5304751b71a580400de4986",
            "type": "NAVIGATE_TO_FORM",
            "formId": "Form2",
            "formKUID": "h5f5cd54c94f4818a00b1aa3f9a80457",
            "mappings": {},
            "mappingsOrder": [],
            "parentId": "",
            "callbackType": null,
            "enableMappingEditor": true,
            "package": ""
        }]
    }
}