{
    "@class": "com.kony.gen.viz.model.component.KVizTextBox2",
    "DNDConfig": null,
    "__parentReadjusting__": false,
    "_bottom_": {
        "type": "string",
        "value": "100dp"
    },
    "_height_": {
        "type": "string",
        "value": "40dp"
    },
    "_left_": {
        "type": "string",
        "value": "0dp"
    },
    "_margin_": [
        0,
        0,
        0,
        0
    ],
    "_padding_": [
        3,
        0,
        0,
        0
    ],
    "_placeholder_": "Placeholder",
    "_right_": {
        "type": "string",
        "value": "0dp"
    },
    "_skin_": "sa52383a05974bfe8f910cf7f515f71b",
    "_text_": "",
    "_width_": {
        "type": "ref",
        "value": "preferred"
    },
    "autocapitalize": "none",
    "autocomplete": false,
    "autocorrect": false,
    "autofilter": false,
    "canUpdateUI": true,
    "containerheight": "",
    "containerheightmode": 1,
    "containerweight": 100,
    "contentalignment": 4,
    "focusskin": "s9c8571280bc449dbc93e7b7c5346176",
    "id": "TextField0aee1e890f3b142",
    "info": null,
    "iscustomlayout": false,
    "isvisible": true,
    "keyboardtype": "A",
    "kuid": "icd0da524cf143b08e5542302e26fd30",
    "mode": "A",
    "name": "kony.ui.TextBox2",
    "parent": "Form2",
    "pf": "Form2",
    "placeholderskin": "s3df6be7d1d04f65a04ead5cb301c6bc",
    "retaincontentalignment": false,
    "retainflexpositionproperties": false,
    "securetextentry": false,
    "textinputmode": "A",
    "tooltip": "",
    "viewtype": "default",
    "wType": "TextField",
    "zindex": 1
}